policy,seed,total_served,total_reneged,avg_wait_time,throughput,renege_rate,served_general,reneged_general,renege_rate_general,served_fan,reneged_fan,renege_rate_fan,served_vip,reneged_vip,renege_rate_vip,served_coachella_stage,reneged_coachella_stage,avg_wait_coachella_stage,served_sahara,reneged_sahara,avg_wait_sahara,served_outdoor_theatre,reneged_outdoor_theatre,avg_wait_outdoor_theatre,served_mojave,reneged_mojave,avg_wait_mojave,served_gobi,reneged_gobi,avg_wait_gobi,served_sonora,reneged_sonora,avg_wait_sonora,served_do_lab,reneged_do_lab,avg_wait_do_lab,served_yuma,reneged_yuma,avg_wait_yuma
Baseline,100,5506,26,0.4171,688.25,0.0047,3522,11,0.0031135012737050667,957,3,0.003125,516,12,0.022727272727272728,2225,26,1.03,1053,0,0.0,626,0,0.0,521,0,0.0,340,0,0.0,254,0,0.0,271,0,0.0,216,0,0.0
Baseline,101,5521,26,0.4222,690.125,0.0047,3534,12,0.00338409475465313,962,2,0.002074688796680498,517,12,0.022684310018903593,2212,26,1.05,1002,0,0.0,655,0,0.0,523,0,0.0,354,0,0.0,294,0,0.0,281,0,0.0,200,0,0.0
Baseline,102,5455,14,0.3278,681.875,0.0026,3452,5,0.0014463407578825572,981,2,0.002034587995930824,513,7,0.013461538461538462,2230,14,0.8,1014,0,0.0,619,0,0.0,508,0,0.0,327,0,0.0,266,0,0.0,282,0,0.0,209,0,0.0
Baseline,103,5459,15,0.3669,682.375,0.0027,3517,7,0.0019863791146424517,917,1,0.0010893246187363835,508,7,0.013592233009708738,2278,15,0.88,1043,0,0.0,591,0,0.0,487,0,0.0,340,0,0.0,261,0,0.0,266,0,0.0,193,0,0.0
Baseline,104,5580,27,0.4101,697.5,0.0048,3634,8,0.002196595277320154,913,3,0.0032751091703056767,521,16,0.0297951582867784,2233,27,1.02,993,0,0.0,651,0,0.0,539,0,0.0,373,0,0.0,276,0,0.0,301,0,0.01,214,0,0.0
Baseline,105,5576,20,0.4593,697.0,0.0036,3571,6,0.0016773832820799553,988,5,0.005035246727089627,500,9,0.01768172888015717,2337,20,1.08,987,0,0.0,608,0,0.0,491,0,0.0,378,0,0.0,301,0,0.07,287,0,0.09,187,0,0.0
Baseline,106,5346,8,0.3372,668.25,0.0015,3448,4,0.0011587485515643105,886,2,0.0022522522522522522,502,2,0.003968253968253968,2081,8,0.85,1005,0,0.0,618,0,0.0,516,0,0.0,343,0,0.0,258,0,0.0,305,0,0.09,220,0,0.0
Baseline,107,5542,16,0.4326,692.75,0.0029,3594,2,0.0005561735261401557,910,2,0.0021929824561403508,527,12,0.022263450834879406,2302,16,1.04,1046,0,0.0,633,0,0.0,466,0,0.0,349,0,0.0,273,0,0.0,281,0,0.0,192,0,0.0
Baseline,108,5353,4,0.2898,669.125,0.0007,3450,1,0.0002897710808461316,896,0,0.0,484,3,0.006160164271047228,2205,4,0.67,997,0,0.0,570,0,0.0,492,0,0.0,328,0,0.0,281,0,0.02,279,0,0.21,201,0,0.0
Baseline,109,5323,22,0.3479,665.375,0.0041,3364,5,0.0014841199168892847,943,6,0.006322444678609062,513,11,0.02099236641221374,2149,22,0.86,1005,0,0.0,604,0,0.0,484,0,0.0,356,0,0.0,245,0,0.0,277,0,0.0,203,0,0.0
Baseline,110,5417,4,0.3201,677.125,0.0007,3496,0,0.0,895,1,0.0011160714285714285,510,3,0.005847953216374269,2238,4,0.77,973,0,0.0,581,0,0.0,524,0,0.0,339,0,0.0,256,0,0.0,286,0,0.0,220,0,0.0
Baseline,111,5258,3,0.2854,657.25,0.0006,3381,0,0.0,883,1,0.0011312217194570137,477,2,0.0041753653444676405,2182,3,0.69,993,0,0.0,580,0,0.0,453,0,0.0,332,0,0.0,252,0,0.0,282,0,0.0,184,0,0.0
Baseline,112,5328,11,0.3445,666.0,0.0021,3381,4,0.0011816838995568684,918,0,0.0,501,7,0.013779527559055118,2165,11,0.85,995,0,0.0,612,0,0.0,473,0,0.0,356,0,0.0,266,0,0.0,265,0,0.0,196,0,0.0
Baseline,113,5321,4,0.305,665.125,0.0008,3408,1,0.0002933411557641537,931,0,0.0,461,3,0.00646551724137931,2145,4,0.76,1044,0,0.0,602,0,0.0,475,0,0.0,318,0,0.0,231,0,0.0,294,0,0.0,212,0,0.0
Baseline,114,5361,9,0.375,670.125,0.0017,3408,3,0.0008795074758135445,927,1,0.0010775862068965517,519,5,0.009541984732824428,2195,9,0.92,1023,0,0.0,583,0,0.0,471,0,0.0,361,0,0.0,260,0,0.0,274,0,0.0,194,0,0.0
Baseline,115,5207,8,0.2721,650.875,0.0015,3329,3,0.000900360144057623,878,0,0.0,481,5,0.0102880658436214,2161,8,0.64,938,0,0.0,538,0,0.0,474,0,0.0,339,0,0.0,257,0,0.0,289,0,0.09,211,0,0.0
Baseline,116,5663,23,0.521,707.875,0.004,3620,7,0.0019299696719051558,982,2,0.0020325203252032522,550,14,0.024822695035460994,2339,23,1.22,1033,0,0.0,631,0,0.0,532,0,0.0,357,0,0.0,298,0,0.31,286,0,0.0,187,0,0.0
Baseline,117,5332,10,0.3077,666.5,0.0019,3430,3,0.000873871249635887,910,2,0.0021929824561403508,474,5,0.010438413361169102,2144,10,0.77,1015,0,0.0,616,0,0.0,504,0,0.0,350,0,0.0,242,0,0.0,276,0,0.0,185,0,0.0
Baseline,118,5606,28,0.4651,700.75,0.005,3635,4,0.0010992030777686177,959,3,0.0031185031185031187,498,21,0.04046242774566474,2374,28,1.09,957,0,0.0,639,0,0.0,529,0,0.0,359,0,0.0,276,0,0.1,277,0,0.0,195,0,0.0
Baseline,119,5397,8,0.3215,674.625,0.0015,3406,2,0.0005868544600938967,941,0,0.0,525,6,0.011299435028248588,2218,8,0.78,1024,0,0.0,605,0,0.0,496,0,0.0,364,0,0.0,254,0,0.01,254,0,0.0,182,0,0.0
Baseline,120,5470,17,0.3579,683.75,0.0031,3474,3,0.0008628127696289905,980,4,0.0040650406504065045,517,10,0.018975332068311195,2243,17,0.87,1045,0,0.0,625,0,0.0,470,0,0.0,353,0,0.0,251,0,0.0,293,0,0.0,190,0,0.0
Baseline,121,5612,25,0.4783,701.5,0.0044,3628,5,0.0013762730525736307,968,3,0.003089598352214212,503,17,0.032692307692307694,2412,25,1.11,1008,0,0.0,595,0,0.0,513,0,0.0,325,0,0.0,254,0,0.0,287,0,0.0,218,0,0.0
Baseline,122,5486,22,0.3944,685.75,0.004,3547,6,0.0016887137630171687,932,2,0.0021413276231263384,498,14,0.02734375,2266,22,0.95,1036,0,0.0,627,0,0.0,479,0,0.0,343,0,0.0,246,0,0.0,281,0,0.0,208,0,0.0
Baseline,123,5474,15,0.3345,684.25,0.0027,3522,7,0.0019835647492207425,902,1,0.0011074197120708748,538,7,0.012844036697247707,2239,15,0.82,1036,0,0.0,578,0,0.0,493,0,0.0,338,0,0.0,285,0,0.0,284,0,0.0,221,0,0.0
Baseline,124,5195,6,0.2533,649.375,0.0012,3337,0,0.0,861,0,0.0,484,6,0.012244897959183673,2074,6,0.63,1007,0,0.0,515,0,0.0,478,0,0.0,337,0,0.0,293,0,0.0,307,0,0.0,184,0,0.0
Baseline,125,5699,25,0.4769,712.375,0.0044,3701,12,0.0032318879612173446,953,2,0.0020942408376963353,530,11,0.02033271719038817,2365,25,1.15,1038,0,0.0,644,0,0.0,559,0,0.0,319,0,0.0,258,0,0.0,311,0,0.0,205,0,0.0
Baseline,126,5318,14,0.3652,664.75,0.0026,3415,2,0.000585308750365818,924,1,0.001081081081081081,470,11,0.02286902286902287,2176,14,0.89,1026,0,0.0,557,0,0.0,470,0,0.0,318,0,0.0,246,0,0.0,320,0,0.0,205,0,0.0
Baseline,127,5598,23,0.4492,699.75,0.0041,3630,4,0.001100715465052284,913,1,0.0010940919037199124,538,18,0.03237410071942446,2372,23,1.0,1000,0,0.0,611,0,0.0,488,0,0.0,360,0,0.0,313,0,0.43,283,0,0.0,171,0,0.0
Baseline,128,5533,25,0.4755,691.625,0.0045,3578,9,0.002509060496236409,979,0,0.0,472,16,0.03278688524590164,2289,25,1.14,1018,0,0.0,579,0,0.0,512,0,0.0,338,0,0.0,286,0,0.05,315,0,0.0,196,0,0.0
Baseline,129,5253,14,0.406,656.625,0.0027,3347,5,0.0014916467780429594,865,1,0.0011547344110854503,517,8,0.015238095238095238,2094,14,0.91,1013,0,0.0,538,0,0.0,486,0,0.0,350,0,0.0,292,0,0.8,295,0,0.01,185,0,0.0
Informative App,100,5191,2,0.1319,648.875,0.0004,3338,1,0.0002994908655286014,869,1,0.0011494252873563218,481,0,0.0,2151,2,0.32,954,0,0.0,528,0,0.0,511,0,0.0,334,0,0.0,249,0,0.0,271,0,0.0,193,0,0.0
Informative App,101,5366,0,0.0265,670.75,0.0,3443,0,0.0,918,0,0.0,480,0,0.0,2207,0,0.06,1013,0,0.0,558,0,0.0,506,0,0.0,336,0,0.0,271,0,0.0,266,0,0.0,209,0,0.0
Informative App,102,5254,0,0.0069,656.75,0.0,3392,0,0.0,874,0,0.0,469,0,0.0,2145,0,0.02,1030,0,0.0,579,0,0.0,483,0,0.0,330,0,0.0,238,0,0.0,240,0,0.0,209,0,0.0
Informative App,103,5331,0,0.0008,666.375,0.0,3454,0,0.0,886,0,0.0,479,0,0.0,2178,0,0.0,1035,0,0.0,583,0,0.0,476,0,0.0,332,0,0.0,243,0,0.0,264,0,0.0,220,0,0.0
Informative App,104,5147,0,0.0,643.375,0.0,3321,0,0.0,854,0,0.0,488,0,0.0,2121,0,0.0,949,0,0.0,563,0,0.0,450,0,0.0,339,0,0.0,250,0,0.0,271,0,0.0,204,0,0.0
Informative App,105,5341,0,0.0268,667.625,0.0,3436,0,0.0,900,0,0.0,483,0,0.0,2204,0,0.06,992,0,0.0,565,0,0.0,502,0,0.0,341,0,0.0,256,0,0.0,282,0,0.0,199,0,0.0
Informative App,106,5368,1,0.043,671.0,0.0002,3488,1,0.00028661507595299513,899,0,0.0,464,0,0.0,2256,1,0.1,1004,0,0.0,575,0,0.0,449,0,0.0,344,0,0.0,263,0,0.0,264,0,0.0,213,0,0.0
Informative App,107,5684,0,0.062,710.5,0.0,3629,0,0.0,964,0,0.0,566,0,0.0,2424,0,0.15,996,0,0.0,616,0,0.0,514,0,0.0,352,0,0.0,290,0,0.0,291,0,0.0,201,0,0.0
Informative App,108,5496,1,0.0889,687.0,0.0002,3503,1,0.00028538812785388126,969,0,0.0,506,0,0.0,2338,1,0.21,983,0,0.0,605,0,0.0,474,0,0.0,337,0,0.0,282,0,0.0,268,0,0.0,209,0,0.0
Informative App,109,5374,1,0.0845,671.75,0.0002,3416,1,0.000292654375182909,937,0,0.0,494,0,0.0,2235,1,0.2,978,0,0.0,605,0,0.0,477,0,0.0,356,0,0.0,246,0,0.0,275,0,0.0,202,0,0.0
Informative App,110,5097,0,0.0,637.125,0.0,3299,0,0.0,853,0,0.0,459,0,0.0,2117,0,0.0,928,0,0.0,555,0,0.0,478,0,0.0,313,0,0.0,255,0,0.0,257,0,0.0,194,0,0.0
Informative App,111,5362,1,0.0238,670.25,0.0002,3501,1,0.00028555111364934324,879,0,0.0,462,0,0.0,2228,1,0.06,975,0,0.0,588,0,0.0,491,0,0.0,321,0,0.0,277,0,0.0,282,0,0.0,200,0,0.0
Informative App,112,5224,0,0.0078,653.0,0.0,3343,0,0.0,882,0,0.0,479,0,0.0,2115,0,0.02,1008,0,0.0,541,0,0.0,492,0,0.0,378,0,0.0,251,0,0.0,261,0,0.0,178,0,0.0
Informative App,113,5531,1,0.1155,691.375,0.0002,3565,1,0.00028042624789680314,933,0,0.0,513,0,0.0,2252,1,0.28,1043,0,0.0,623,0,0.0,531,0,0.0,356,0,0.0,251,0,0.0,271,0,0.0,204,0,0.0
Informative App,114,5259,0,0.0073,657.375,0.0,3407,0,0.0,856,0,0.0,476,0,0.0,2143,0,0.02,997,0,0.0,569,0,0.0,489,0,0.0,347,0,0.0,241,0,0.0,282,0,0.0,191,0,0.0
Informative App,115,5706,1,0.1843,713.25,0.0002,3631,1,0.00027533039647577095,1027,0,0.0,525,0,0.0,2332,1,0.45,1045,0,0.0,653,0,0.0,528,0,0.0,369,0,0.0,290,0,0.0,280,0,0.0,209,0,0.0
Informative App,116,5441,0,0.0289,680.125,0.0,3525,0,0.0,877,0,0.0,523,0,0.0,2241,0,0.07,1061,0,0.0,588,0,0.0,493,0,0.0,327,0,0.0,254,0,0.0,276,0,0.0,201,0,0.0
Informative App,117,5330,0,0.0479,666.25,0.0,3418,0,0.0,897,0,0.0,497,0,0.0,2246,0,0.11,975,0,0.0,607,0,0.0,489,0,0.0,349,0,0.0,241,0,0.0,263,0,0.0,160,0,0.0
Informative App,118,5610,1,0.1314,701.25,0.0002,3573,1,0.0002797985450475658,990,0,0.0,537,0,0.0,2281,1,0.32,1009,0,0.0,704,0,0.0,511,0,0.0,317,0,0.0,300,0,0.02,274,0,0.0,214,0,0.0
Informative App,119,5663,0,0.177,707.875,0.0,3666,0,0.0,962,0,0.0,517,0,0.0,2335,0,0.43,1047,0,0.0,637,0,0.0,535,0,0.0,349,0,0.0,283,0,0.0,282,0,0.0,195,0,0.0
Informative App,120,5249,0,0.0053,656.125,0.0,3348,0,0.0,895,0,0.0,490,0,0.0,2135,0,0.01,1010,0,0.0,546,0,0.0,517,0,0.0,325,0,0.0,248,0,0.0,283,0,0.0,185,0,0.0
Informative App,121,5502,2,0.1482,687.75,0.0004,3504,2,0.0005704506560182544,959,0,0.0,518,0,0.0,2267,2,0.36,984,0,0.0,667,0,0.0,504,0,0.0,336,0,0.0,275,0,0.0,289,0,0.0,180,0,0.0
Informative App,122,5593,1,0.1345,699.125,0.0002,3555,1,0.00028121484814398203,979,0,0.0,537,0,0.0,2303,1,0.33,1059,0,0.0,644,0,0.0,493,0,0.0,332,0,0.0,267,0,0.0,283,0,0.0,212,0,0.0
Informative App,123,5339,0,0.001,667.375,0.0,3405,0,0.0,924,0,0.0,492,0,0.0,2165,0,0.0,974,0,0.0,584,0,0.0,543,0,0.0,321,0,0.0,263,0,0.0,266,0,0.0,223,0,0.0
Informative App,124,5402,3,0.1738,675.25,0.0006,3503,1,0.00028538812785388126,916,0,0.0,486,2,0.004098360655737705,2273,3,0.41,980,0,0.0,607,0,0.0,487,0,0.0,331,0,0.0,260,0,0.0,275,0,0.0,189,0,0.0
Informative App,125,5502,2,0.0802,687.75,0.0004,3599,1,0.0002777777777777778,924,0,0.0,461,1,0.0021645021645021645,2303,2,0.19,1021,0,0.0,616,0,0.0,501,0,0.0,322,0,0.0,249,0,0.0,287,0,0.0,203,0,0.0
Informative App,126,5607,0,0.1346,700.875,0.0,3625,0,0.0,969,0,0.0,487,0,0.0,2358,0,0.32,996,0,0.0,628,0,0.0,504,0,0.0,336,0,0.0,289,0,0.0,283,0,0.0,213,0,0.0
Informative App,127,5361,0,0.0497,670.125,0.0,3486,0,0.0,900,0,0.0,454,0,0.0,2273,0,0.12,954,0,0.0,604,0,0.0,499,0,0.0,339,0,0.0,239,0,0.0,268,0,0.0,185,0,0.0
Informative App,128,5343,0,0.0125,667.875,0.0,3380,0,0.0,914,0,0.0,520,0,0.0,2221,0,0.03,1015,0,0.0,552,0,0.0,472,0,0.0,359,0,0.0,249,0,0.0,281,0,0.0,194,0,0.0
Informative App,129,5466,0,0.0603,683.25,0.0,3496,0,0.0,918,0,0.0,529,0,0.0,2275,0,0.14,1017,0,0.0,623,0,0.0,502,0,0.0,328,0,0.0,265,0,0.0,268,0,0.0,188,0,0.0
Active Management,100,5176,3,0.1313,647.0,0.0006,3338,1,0.0002994908655286014,869,1,0.0011494252873563218,481,1,0.002074688796680498,2136,3,0.32,954,0,0.0,528,0,0.0,511,0,0.0,334,0,0.0,249,0,0.0,271,0,0.0,193,0,0.0
Active Management,101,5366,0,0.0265,670.75,0.0,3443,0,0.0,918,0,0.0,480,0,0.0,2207,0,0.06,1013,0,0.0,558,0,0.0,506,0,0.0,336,0,0.0,271,0,0.0,266,0,0.0,209,0,0.0
Active Management,102,5254,0,0.0069,656.75,0.0,3392,0,0.0,874,0,0.0,469,0,0.0,2145,0,0.02,1030,0,0.0,579,0,0.0,483,0,0.0,330,0,0.0,238,0,0.0,240,0,0.0,209,0,0.0
Active Management,103,5331,0,0.0008,666.375,0.0,3454,0,0.0,886,0,0.0,479,0,0.0,2178,0,0.0,1035,0,0.0,583,0,0.0,476,0,0.0,332,0,0.0,243,0,0.0,264,0,0.0,220,0,0.0
Active Management,104,5147,0,0.0,643.375,0.0,3321,0,0.0,854,0,0.0,488,0,0.0,2121,0,0.0,949,0,0.0,563,0,0.0,450,0,0.0,339,0,0.0,250,0,0.0,271,0,0.0,204,0,0.0
Active Management,105,5341,0,0.0268,667.625,0.0,3436,0,0.0,900,0,0.0,483,0,0.0,2204,0,0.06,992,0,0.0,565,0,0.0,502,0,0.0,341,0,0.0,256,0,0.0,282,0,0.0,199,0,0.0
Active Management,106,5368,1,0.043,671.0,0.0002,3488,1,0.00028661507595299513,899,0,0.0,464,0,0.0,2256,1,0.1,1004,0,0.0,575,0,0.0,449,0,0.0,344,0,0.0,263,0,0.0,264,0,0.0,213,0,0.0
Active Management,107,5684,0,0.062,710.5,0.0,3629,0,0.0,964,0,0.0,566,0,0.0,2424,0,0.15,996,0,0.0,616,0,0.0,514,0,0.0,352,0,0.0,290,0,0.0,291,0,0.0,201,0,0.0
Active Management,108,5496,1,0.0889,687.0,0.0002,3503,1,0.00028538812785388126,969,0,0.0,506,0,0.0,2338,1,0.21,983,0,0.0,605,0,0.0,474,0,0.0,337,0,0.0,282,0,0.0,268,0,0.0,209,0,0.0
Active Management,109,5374,1,0.0845,671.75,0.0002,3416,1,0.000292654375182909,937,0,0.0,494,0,0.0,2235,1,0.2,978,0,0.0,605,0,0.0,477,0,0.0,356,0,0.0,246,0,0.0,275,0,0.0,202,0,0.0
Active Management,110,5097,0,0.0,637.125,0.0,3299,0,0.0,853,0,0.0,459,0,0.0,2117,0,0.0,928,0,0.0,555,0,0.0,478,0,0.0,313,0,0.0,255,0,0.0,257,0,0.0,194,0,0.0
Active Management,111,5362,1,0.0238,670.25,0.0002,3501,1,0.00028555111364934324,879,0,0.0,462,0,0.0,2228,1,0.06,975,0,0.0,588,0,0.0,491,0,0.0,321,0,0.0,277,0,0.0,282,0,0.0,200,0,0.0
Active Management,112,5224,0,0.0078,653.0,0.0,3343,0,0.0,882,0,0.0,479,0,0.0,2115,0,0.02,1008,0,0.0,541,0,0.0,492,0,0.0,378,0,0.0,251,0,0.0,261,0,0.0,178,0,0.0
Active Management,113,5532,1,0.1157,691.5,0.0002,3566,1,0.0002803476310625175,933,0,0.0,513,0,0.0,2253,1,0.28,1043,0,0.0,623,0,0.0,531,0,0.0,356,0,0.0,251,0,0.0,271,0,0.0,204,0,0.0
Active Management,114,5259,0,0.0073,657.375,0.0,3407,0,0.0,856,0,0.0,476,0,0.0,2143,0,0.02,997,0,0.0,569,0,0.0,489,0,0.0,347,0,0.0,241,0,0.0,282,0,0.0,191,0,0.0
Active Management,115,5705,1,0.1859,713.125,0.0002,3630,1,0.0002754062241806665,1027,0,0.0,525,0,0.0,2331,1,0.45,1045,0,0.0,653,0,0.0,528,0,0.0,369,0,0.0,290,0,0.0,280,0,0.0,209,0,0.0
Active Management,116,5441,0,0.0289,680.125,0.0,3525,0,0.0,877,0,0.0,523,0,0.0,2241,0,0.07,1061,0,0.0,588,0,0.0,493,0,0.0,327,0,0.0,254,0,0.0,276,0,0.0,201,0,0.0
Active Management,117,5330,0,0.0479,666.25,0.0,3418,0,0.0,897,0,0.0,497,0,0.0,2246,0,0.11,975,0,0.0,607,0,0.0,489,0,0.0,349,0,0.0,241,0,0.0,263,0,0.0,160,0,0.0
Active Management,118,5624,1,0.1321,703.0,0.0002,3573,1,0.0002797985450475658,990,0,0.0,537,0,0.0,2295,1,0.32,1009,0,0.0,704,0,0.0,511,0,0.0,317,0,0.0,300,0,0.02,274,0,0.0,214,0,0.0
Active Management,119,5663,0,0.177,707.875,0.0,3666,0,0.0,962,0,0.0,517,0,0.0,2335,0,0.43,1047,0,0.0,637,0,0.0,535,0,0.0,349,0,0.0,283,0,0.0,282,0,0.0,195,0,0.0
Active Management,120,5249,0,0.0053,656.125,0.0,3348,0,0.0,895,0,0.0,490,0,0.0,2135,0,0.01,1010,0,0.0,546,0,0.0,517,0,0.0,325,0,0.0,248,0,0.0,283,0,0.0,185,0,0.0
Active Management,121,5501,1,0.1878,687.625,0.0002,3504,1,0.0002853067047075606,959,0,0.0,516,0,0.0,2266,1,0.46,984,0,0.0,667,0,0.0,504,0,0.0,336,0,0.0,275,0,0.0,289,0,0.0,180,0,0.0
Active Management,122,5593,1,0.1259,699.125,0.0002,3556,1,0.000281135788585887,979,0,0.0,536,0,0.0,2303,1,0.31,1059,0,0.0,644,0,0.0,493,0,0.0,332,0,0.0,267,0,0.0,283,0,0.0,212,0,0.0
Active Management,123,5339,0,0.001,667.375,0.0,3405,0,0.0,924,0,0.0,492,0,0.0,2165,0,0.0,974,0,0.0,584,0,0.0,543,0,0.0,321,0,0.0,263,0,0.0,266,0,0.0,223,0,0.0
Active Management,124,5423,2,0.1861,677.875,0.0004,3501,1,0.00028555111364934324,915,0,0.0,487,1,0.0020491803278688526,2294,2,0.44,980,0,0.0,607,0,0.0,487,0,0.0,331,0,0.0,260,0,0.0,275,0,0.0,189,0,0.0
Active Management,125,5503,1,0.0657,687.875,0.0002,3599,1,0.0002777777777777778,924,0,0.0,461,0,0.0,2304,1,0.16,1021,0,0.0,616,0,0.0,501,0,0.0,322,0,0.0,249,0,0.0,287,0,0.0,203,0,0.0
Active Management,126,5607,0,0.1346,700.875,0.0,3625,0,0.0,969,0,0.0,487,0,0.0,2358,0,0.32,996,0,0.0,628,0,0.0,504,0,0.0,336,0,0.0,289,0,0.0,283,0,0.0,213,0,0.0
Active Management,127,5361,0,0.0497,670.125,0.0,3486,0,0.0,900,0,0.0,454,0,0.0,2273,0,0.12,954,0,0.0,604,0,0.0,499,0,0.0,339,0,0.0,239,0,0.0,268,0,0.0,185,0,0.0
Active Management,128,5343,0,0.0125,667.875,0.0,3380,0,0.0,914,0,0.0,520,0,0.0,2221,0,0.03,1015,0,0.0,552,0,0.0,472,0,0.0,359,0,0.0,249,0,0.0,281,0,0.0,194,0,0.0
Active Management,129,5466,0,0.0603,683.25,0.0,3496,0,0.0,918,0,0.0,529,0,0.0,2275,0,0.14,1017,0,0.0,623,0,0.0,502,0,0.0,328,0,0.0,265,0,0.0,268,0,0.0,188,0,0.0
VIP Priority,100,5186,3,0.1309,648.25,0.0006,3337,3,0.0008982035928143712,869,0,0.0,482,0,0.0,2146,3,0.32,954,0,0.0,528,0,0.0,511,0,0.0,334,0,0.0,249,0,0.0,271,0,0.0,193,0,0.0
VIP Priority,101,5366,0,0.0265,670.75,0.0,3441,0,0.0,918,0,0.0,482,0,0.0,2207,0,0.06,1013,0,0.0,558,0,0.0,506,0,0.0,336,0,0.0,271,0,0.0,266,0,0.0,209,0,0.0
VIP Priority,102,5254,0,0.0069,656.75,0.0,3392,0,0.0,874,0,0.0,469,0,0.0,2145,0,0.02,1030,0,0.0,579,0,0.0,483,0,0.0,330,0,0.0,238,0,0.0,240,0,0.0,209,0,0.0
VIP Priority,103,5331,0,0.0008,666.375,0.0,3454,0,0.0,886,0,0.0,479,0,0.0,2178,0,0.0,1035,0,0.0,583,0,0.0,476,0,0.0,332,0,0.0,243,0,0.0,264,0,0.0,220,0,0.0
VIP Priority,104,5147,0,0.0,643.375,0.0,3321,0,0.0,854,0,0.0,488,0,0.0,2121,0,0.0,949,0,0.0,563,0,0.0,450,0,0.0,339,0,0.0,250,0,0.0,271,0,0.0,204,0,0.0
VIP Priority,105,5342,0,0.0251,667.75,0.0,3436,0,0.0,900,0,0.0,484,0,0.0,2205,0,0.06,992,0,0.0,565,0,0.0,502,0,0.0,341,0,0.0,256,0,0.0,282,0,0.0,199,0,0.0
VIP Priority,106,5362,1,0.0186,670.25,0.0002,3482,1,0.0002871088142405972,899,0,0.0,464,0,0.0,2250,1,0.04,1004,0,0.0,575,0,0.0,449,0,0.0,344,0,0.0,263,0,0.0,264,0,0.0,213,0,0.0
VIP Priority,107,5662,0,0.1501,707.75,0.0,3623,0,0.0,964,0,0.0,566,0,0.0,2402,0,0.35,996,0,0.0,616,0,0.0,514,0,0.0,352,0,0.0,290,0,0.0,291,0,0.0,201,0,0.0
VIP Priority,108,5497,0,0.103,687.125,0.0,3503,0,0.0,969,0,0.0,506,0,0.0,2339,0,0.24,983,0,0.0,605,0,0.0,474,0,0.0,337,0,0.0,282,0,0.0,268,0,0.0,209,0,0.0
VIP Priority,109,5372,0,0.0566,671.5,0.0,3410,0,0.0,937,0,0.0,497,0,0.0,2233,0,0.14,978,0,0.0,605,0,0.0,477,0,0.0,356,0,0.0,246,0,0.0,275,0,0.0,202,0,0.0
VIP Priority,110,5097,0,0.0,637.125,0.0,3299,0,0.0,853,0,0.0,459,0,0.0,2117,0,0.0,928,0,0.0,555,0,0.0,478,0,0.0,313,0,0.0,255,0,0.0,257,0,0.0,194,0,0.0
VIP Priority,111,5358,0,0.0348,669.75,0.0,3498,0,0.0,879,0,0.0,461,0,0.0,2224,0,0.08,975,0,0.0,588,0,0.0,491,0,0.0,321,0,0.0,277,0,0.0,282,0,0.0,200,0,0.0
VIP Priority,112,5224,0,0.0072,653.0,0.0,3343,0,0.0,882,0,0.0,479,0,0.0,2115,0,0.02,1008,0,0.0,541,0,0.0,492,0,0.0,378,0,0.0,251,0,0.0,261,0,0.0,178,0,0.0
VIP Priority,113,5535,1,0.135,691.875,0.0002,3568,1,0.0002801905295601009,933,0,0.0,518,0,0.0,2256,1,0.33,1043,0,0.0,623,0,0.0,531,0,0.0,356,0,0.0,251,0,0.0,271,0,0.0,204,0,0.0
VIP Priority,114,5259,0,0.0073,657.375,0.0,3407,0,0.0,856,0,0.0,476,0,0.0,2143,0,0.02,997,0,0.0,569,0,0.0,489,0,0.0,347,0,0.0,241,0,0.0,282,0,0.0,191,0,0.0
VIP Priority,115,5704,3,0.2099,713.0,0.0005,3632,3,0.0008253094910591472,1026,0,0.0,532,0,0.0,2330,3,0.51,1045,0,0.0,653,0,0.0,528,0,0.0,369,0,0.0,290,0,0.0,280,0,0.0,209,0,0.0
VIP Priority,116,5444,0,0.0509,680.5,0.0,3524,0,0.0,877,0,0.0,527,0,0.0,2244,0,0.12,1061,0,0.0,588,0,0.0,493,0,0.0,327,0,0.0,254,0,0.0,276,0,0.0,201,0,0.0
VIP Priority,117,5329,1,0.0319,666.125,0.0002,3418,1,0.0002924831822170225,897,0,0.0,496,0,0.0,2245,1,0.08,975,0,0.0,607,0,0.0,489,0,0.0,349,0,0.0,241,0,0.0,263,0,0.0,160,0,0.0
VIP Priority,118,5616,1,0.1481,702.0,0.0002,3576,1,0.0002795638803466592,991,0,0.0,539,0,0.0,2287,1,0.36,1009,0,0.0,704,0,0.0,511,0,0.0,317,0,0.0,300,0,0.02,274,0,0.0,214,0,0.0
VIP Priority,119,5659,1,0.1494,707.375,0.0002,3660,1,0.0002731494127287626,962,0,0.0,517,0,0.0,2331,1,0.36,1047,0,0.0,637,0,0.0,535,0,0.0,349,0,0.0,283,0,0.0,282,0,0.0,195,0,0.0
VIP Priority,120,5246,0,0.0013,655.75,0.0,3345,0,0.0,895,0,0.0,490,0,0.0,2132,0,0.0,1010,0,0.0,546,0,0.0,517,0,0.0,325,0,0.0,248,0,0.0,283,0,0.0,185,0,0.0
VIP Priority,121,5507,1,0.1616,688.375,0.0002,3506,1,0.00028514399771884804,960,0,0.0,519,0,0.0,2272,1,0.39,984,0,0.0,667,0,0.0,504,0,0.0,336,0,0.0,275,0,0.0,289,0,0.0,180,0,0.0
VIP Priority,122,5604,0,0.1298,700.5,0.0,3560,0,0.0,980,0,0.0,541,0,0.0,2314,0,0.31,1059,0,0.0,644,0,0.0,493,0,0.0,332,0,0.0,267,0,0.0,283,0,0.0,212,0,0.0
VIP Priority,123,5339,0,0.0008,667.375,0.0,3405,0,0.0,924,0,0.0,492,0,0.0,2165,0,0.0,974,0,0.0,584,0,0.0,543,0,0.0,321,0,0.0,263,0,0.0,266,0,0.0,223,0,0.0
VIP Priority,124,5433,1,0.198,679.125,0.0002,3511,1,0.0002847380410022779,915,0,0.0,485,0,0.0,2304,1,0.47,980,0,0.0,607,0,0.0,487,0,0.0,331,0,0.0,260,0,0.0,275,0,0.0,189,0,0.0
VIP Priority,125,5500,0,0.0574,687.5,0.0,3596,0,0.0,924,0,0.0,460,0,0.0,2301,0,0.14,1021,0,0.0,616,0,0.0,501,0,0.0,322,0,0.0,249,0,0.0,287,0,0.0,203,0,0.0
VIP Priority,126,5614,0,0.1264,701.75,0.0,3628,0,0.0,969,0,0.0,491,0,0.0,2365,0,0.3,996,0,0.0,628,0,0.0,504,0,0.0,336,0,0.0,289,0,0.0,283,0,0.0,213,0,0.0
VIP Priority,127,5364,0,0.0337,670.5,0.0,3488,0,0.0,900,0,0.0,455,0,0.0,2276,0,0.08,954,0,0.0,604,0,0.0,499,0,0.0,339,0,0.0,239,0,0.0,268,0,0.0,185,0,0.0
VIP Priority,128,5343,0,0.011,667.875,0.0,3380,0,0.0,914,0,0.0,520,0,0.0,2221,0,0.03,1015,0,0.0,552,0,0.0,472,0,0.0,359,0,0.0,249,0,0.0,281,0,0.0,194,0,0.0
VIP Priority,129,5465,0,0.0483,683.125,0.0,3496,0,0.0,918,0,0.0,528,0,0.0,2274,0,0.12,1017,0,0.0,623,0,0.0,502,0,0.0,328,0,0.0,265,0,0.0,268,0,0.0,188,0,0.0
